,地震編號,臺灣時間,Longitude,Latitude,magnitude,depth,震央位置
1,小區域,2月01日09時07分,120.96,22.96,3.6,5.4,臺東縣政府西北方  30.0  公里 (位於臺東縣延平鄉)
2,小區域,2月03日03時42分,119.74,22.67,4.7,30.3,臺南市政府西南方  57.5  公里 (位於臺灣西部海域)
3,小區域,2月03日12時25分,121.66,24.61,3.2,8.8,宜蘭縣政府西南方  17.2  公里 (位於宜蘭縣大同鄉)
4,第004號,2月04日03時30分,121.67,24.2,4.6,15.2,花蓮縣政府北偏東方  23.7  公里 (位於花蓮縣近海)
5,第005號,2月04日03時31分,121.67,24.2,4.3,11.2,花蓮縣政府北偏東方  24.1  公里 (位於花蓮縣近海)
6,小區域,2月04日16時40分,121.17,24.62,3.3,11.5,新竹縣政府東南方  28.1  公里 (位於新竹縣五峰鄉)
7,小區域,2月04日20時36分,121.64,24.41,3.4,23.2,宜蘭縣政府南偏西方  38.1  公里 (位於宜蘭縣南澳鄉)
8,第006號,2月04日21時12分,121.67,24.2,5.1,15.1,花蓮縣政府北偏東方  24.0  公里 (位於花蓮縣近海)
9,第007號,2月04日21時33分,121.65,24.2,4,5.1,花蓮縣政府北方  23.4  公里 (位於花蓮縣秀林鄉)
10,第008號,2月04日21時56分,121.83,24.15,5.8,16,花蓮縣政府東北方  27.8  公里 (位於臺灣東部海域)
11,小區域,2月04日21時57分,121.68,24.19,5.1,11.1,花蓮縣政府北偏東方  22.4  公里 (位於花蓮縣近海)
12,小區域,2月04日21時59分,121.74,24.21,3.8,11,花蓮縣政府北偏東方  27.5  公里 (位於花蓮縣近海)
13,小區域,2月04日22時00分,121.73,24.27,3.7,15.2,花蓮縣政府北偏東方  32.6  公里 (位於花蓮縣秀林鄉)
14,小區域,2月04日22時01分,121.77,24.22,3.9,10.6,花蓮縣政府北偏東方  29.1  公里 (位於花蓮縣近海)
15,小區域,2月04日22時02分,121.67,24.2,3.6,5,花蓮縣政府北偏東方  23.6  公里 (位於花蓮縣近海)
16,小區域,2月04日22時05分,121.73,24.26,4.7,6.5,花蓮縣政府北偏東方  32.2  公里 (位於花蓮縣秀林鄉)
17,小區域,2月04日22時07分,121.75,24.21,3.6,12.1,花蓮縣政府北偏東方  27.7  公里 (位於花蓮縣近海)
18,第009號,2月04日22時10分,121.68,24.2,4.6,5,花蓮縣政府北偏東方  24.5  公里 (位於花蓮縣近海)
19,第010號,2月04日22時12分,121.71,24.24,4.3,5,花蓮縣政府北偏東方  29.1  公里 (位於花蓮縣近海)
20,小區域,2月04日22時12分,121.75,24.24,4.1,12,花蓮縣政府北偏東方  30.5  公里 (位於花蓮縣近海)
21,第011號,2月04日22時13分,121.73,24.18,5.5,10,花蓮縣政府北偏東方  23.6  公里 (位於花蓮縣近海)
22,小區域,2月04日22時14分,121.78,24.17,4.4,23.3,花蓮縣政府東北方  25.7  公里 (位於臺灣東部海域)
23,第012號,2月04日22時16分,121.64,24.18,4.7,5,花蓮縣政府北方  21.1  公里 (位於花蓮縣秀林鄉)
24,小區域,2月04日22時22分,121.68,24.14,3.9,9.7,花蓮縣政府北偏東方  17.2  公里 (位於花蓮縣近海)
25,小區域,2月04日22時23分,121.73,24.23,3.6,11.7,花蓮縣政府北偏東方  28.9  公里 (位於花蓮縣近海)
26,小區域,2月04日22時23分,121.75,24.22,3.7,10.3,花蓮縣政府北偏東方  28.2  公里 (位於花蓮縣近海)
27,小區域,2月04日22時27分,121.73,24.22,3.5,10,花蓮縣政府北偏東方  27.6  公里 (位於花蓮縣近海)
28,小區域,2月04日22時28分,121.74,24.23,3.9,16,花蓮縣政府北偏東方  29.4  公里 (位於花蓮縣近海)
29,小區域,2月04日22時50分,121.73,24.24,3.5,11.1,花蓮縣政府北偏東方  29.4  公里 (位於花蓮縣近海)
30,小區域,2月04日22時52分,121.72,24.23,3.9,12.1,花蓮縣政府北偏東方  28.1  公里 (位於花蓮縣近海)
31,小區域,2月04日23時00分,121.69,24.23,3.7,9.2,花蓮縣政府北偏東方  27.6  公里 (位於花蓮縣秀林鄉)
32,第013號,2月04日23時33分,121.7,24.24,4.3,5,花蓮縣政府北偏東方  28.8  公里 (位於花蓮縣秀林鄉)
33,小區域,2月05日00時08分,121.67,24.14,3.5,10.7,花蓮縣政府北偏東方  17.0  公里 (位於花蓮縣近海)
34,小區域,2月05日00時18分,121.75,24.23,3.7,17.7,花蓮縣政府北偏東方  30.0  公里 (位於花蓮縣近海)
35,小區域,2月05日00時20分,121.68,24.13,3.7,10.5,花蓮縣政府北偏東方  16.8  公里 (位於花蓮縣近海)
36,小區域,2月05日00時26分,121.75,24.24,3.7,11.2,花蓮縣政府北偏東方  30.6  公里 (位於花蓮縣近海)
37,小區域,2月05日00時29分,121.8,24.19,3.7,14.7,花蓮縣政府東北方  28.7  公里 (位於臺灣東部海域)
38,小區域,2月05日00時46分,121.68,24.25,3.9,7.7,花蓮縣政府北偏東方  28.8  公里 (位於花蓮縣秀林鄉)
39,小區域,2月05日00時52分,121.7,24.2,3.4,11.3,花蓮縣政府北偏東方  24.9  公里 (位於花蓮縣近海)
40,小區域,2月05日00時53分,121.67,24.14,3.5,10.4,花蓮縣政府北偏東方  17.5  公里 (位於花蓮縣近海)
41,小區域,2月05日00時54分,121.7,24.21,3.3,10,花蓮縣政府北偏東方  25.3  公里 (位於花蓮縣近海)
42,第014號,2月05日00時54分,121.78,24.26,4.4,12.1,花蓮縣政府北偏東方  33.4  公里 (位於花蓮縣近海)
43,小區域,2月05日01時06分,121.7,24.2,3.5,10.6,花蓮縣政府北偏東方  24.6  公里 (位於花蓮縣近海)
44,小區域,2月05日01時22分,121.74,24.19,3.7,12.1,花蓮縣政府北偏東方  25.0  公里 (位於花蓮縣近海)
45,小區域,2月05日01時27分,121.75,24.23,3.9,11.9,花蓮縣政府北偏東方  29.8  公里 (位於花蓮縣近海)
46,小區域,2月05日01時41分,121.75,24.22,3.7,10.3,花蓮縣政府北偏東方  28.4  公里 (位於花蓮縣近海)
47,小區域,2月05日01時47分,121.55,24.18,3.6,10.7,花蓮縣政府北偏西方  21.6  公里 (位於花蓮縣秀林鄉)
48,小區域,2月05日01時50分,121.66,24.14,3.5,11.7,花蓮縣政府北偏東方  17.4  公里 (位於花蓮縣近海)
49,小區域,2月05日02時08分,121.7,24.12,3.6,7.2,花蓮縣政府北偏東方  16.7  公里 (位於花蓮縣近海)
50,小區域,2月05日02時10分,121.67,24.12,3.8,13.4,花蓮縣政府北偏東方  15.4  公里 (位於花蓮縣近海)
51,小區域,2月05日02時10分,121.67,24.14,3.7,10.6,花蓮縣政府北偏東方  17.6  公里 (位於花蓮縣近海)
52,小區域,2月05日02時35分,121.73,24.22,3.9,15.8,花蓮縣政府北偏東方  27.4  公里 (位於花蓮縣近海)
53,小區域,2月05日02時40分,121.68,24.15,3.8,13.8,花蓮縣政府北偏東方  18.2  公里 (位於花蓮縣近海)
54,小區域,2月05日02時44分,121.66,24.12,3.3,11.6,花蓮縣政府北偏東方  15.5  公里 (位於花蓮縣近海)
55,小區域,2月05日03時05分,121.67,24.14,3.8,10.8,花蓮縣政府北偏東方  16.8  公里 (位於花蓮縣近海)
56,小區域,2月05日03時39分,121.71,24.19,3.6,10.4,花蓮縣政府北偏東方  24.0  公里 (位於花蓮縣近海)
57,小區域,2月05日03時55分,121.71,24.18,3.6,12.2,花蓮縣政府北偏東方  23.1  公里 (位於花蓮縣近海)
58,小區域,2月05日04時58分,121.7,24.26,3.8,12.1,花蓮縣政府北偏東方  31.1  公里 (位於花蓮縣秀林鄉)
59,小區域,2月05日07時44分,121.74,24.19,3.9,15.2,花蓮縣政府北偏東方  25.3  公里 (位於花蓮縣近海)
60,小區域,2月05日08時40分,121.68,24.12,3.4,8.2,花蓮縣政府北偏東方  15.7  公里 (位於花蓮縣近海)
61,小區域,2月05日09時02分,121.65,24.14,3.4,11.4,花蓮縣政府北方  16.3  公里 (位於花蓮縣秀林鄉)
62,小區域,2月05日09時45分,120.24,23.18,3.6,18.3,臺南市政府北偏東方  21.3  公里 (位於臺南市麻豆區)
63,小區域,2月05日09時57分,121.7,24.22,4.1,11.1,花蓮縣政府北偏東方  27.2  公里 (位於花蓮縣近海)
64,小區域,2月05日10時02分,121.69,24.22,3.3,9.3,花蓮縣政府北偏東方  26.0  公里 (位於花蓮縣近海)
65,小區域,2月05日10時58分,121.75,24.23,3.7,8.1,花蓮縣政府北偏東方  29.8  公里 (位於花蓮縣近海)
66,小區域,2月05日11時21分,121.68,24.12,3.4,10.6,花蓮縣政府北偏東方  15.5  公里 (位於花蓮縣近海)
67,小區域,2月05日11時47分,121.74,24.24,3.6,11.7,花蓮縣政府北偏東方  29.8  公里 (位於花蓮縣近海)
68,第015號,2月05日11時55分,121.73,24.24,4.1,12.1,花蓮縣政府北偏東方  30.1  公里 (位於花蓮縣近海)
69,小區域,2月05日12時03分,121.72,24.24,3.4,11.2,花蓮縣政府北偏東方  29.4  公里 (位於花蓮縣近海)
70,小區域,2月05日12時13分,121.67,24.23,3.5,13.6,花蓮縣政府北偏東方  26.5  公里 (位於花蓮縣秀林鄉)
71,第016號,2月05日12時36分,121.7,24.2,4.2,18,花蓮縣政府北偏東方  24.5  公里 (位於花蓮縣近海)
72,小區域,2月05日13時38分,121.81,24.2,3.7,12.3,花蓮縣政府東北方  30.6  公里 (位於臺灣東部海域)
73,小區域,2月05日14時35分,121.76,24.22,3.7,13.4,花蓮縣政府北偏東方  29.0  公里 (位於花蓮縣近海)
74,小區域,2月05日14時36分,121.75,24.23,3.7,11.1,花蓮縣政府北偏東方  29.4  公里 (位於花蓮縣近海)
75,小區域,2月05日17時06分,121.76,24.16,4.5,7.6,花蓮縣政府東北方  23.6  公里 (位於花蓮縣近海)
76,小區域,2月05日17時44分,121.7,24.13,4,15.1,花蓮縣政府北偏東方  17.7  公里 (位於花蓮縣近海)
77,小區域,2月05日18時44分,121.67,24.2,3.6,9.6,花蓮縣政府北偏東方  24.1  公里 (位於花蓮縣近海)
78,小區域,2月05日19時40分,121.76,24.2,3.7,14.3,花蓮縣政府北偏東方  27.2  公里 (位於臺灣東部海域)
79,小區域,2月05日20時59分,121.68,24.17,3.6,17.8,花蓮縣政府北偏東方  21.0  公里 (位於花蓮縣近海)
80,小區域,2月05日21時58分,121.68,24.27,3.6,14.7,花蓮縣政府北偏東方  31.4  公里 (位於花蓮縣秀林鄉)
81,小區域,2月05日22時34分,120.33,23.44,3.4,13.3,嘉義縣政府東偏南方  4.2  公里 (位於嘉義縣太保市)
82,小區域,2月05日23時53分,121.71,24.13,3.6,7.8,花蓮縣政府東北方  17.7  公里 (位於花蓮縣近海)
83,第017號,2月05日23時58分,121.72,24.14,5,10,花蓮縣政府北偏東方  19.3  公里 (位於花蓮縣近海)
84,小區域,2月06日00時32分,121.7,24.14,3.8,7.7,花蓮縣政府北偏東方  18.4  公里 (位於花蓮縣近海)
85,小區域,2月06日00時53分,121.69,24.13,3.4,11,花蓮縣政府北偏東方  16.5  公里 (位於花蓮縣近海)
86,小區域,2月06日00時57分,121.68,24.15,3.5,10.6,花蓮縣政府北偏東方  18.1  公里 (位於花蓮縣近海)
87,小區域,2月06日01時00分,121.67,24.16,3.4,9.7,花蓮縣政府北偏東方  19.3  公里 (位於花蓮縣近海)
88,小區域,2月06日01時37分,121.79,24.17,4.4,15.5,花蓮縣政府東北方  26.2  公里 (位於臺灣東部海域)
89,小區域,2月06日05時12分,121.62,24.08,3.7,9.5,花蓮縣政府北方  10.2  公里 (位於花蓮縣近海)
90,小區域,2月06日07時40分,121.75,24.32,3.9,18.5,宜蘭縣政府南方  45.9  公里 (位於宜蘭縣南澳鄉)
91,小區域,2月06日08時35分,121.65,24.16,3.8,5,花蓮縣政府北偏東方  18.5  公里 (位於花蓮縣秀林鄉)
92,小區域,2月06日12時42分,121.67,24.14,3.4,17.7,花蓮縣政府北偏東方  17.6  公里 (位於花蓮縣近海)
93,第018號,2月06日13時09分,121.69,24.2,4.7,9.7,花蓮縣政府北偏東方  24.6  公里 (位於花蓮縣近海)
94,小區域,2月06日14時27分,121.71,24.13,4.2,10.4,花蓮縣政府北偏東方  17.7  公里 (位於花蓮縣近海)
95,小區域,2月06日15時07分,121.71,24.18,3.5,10.4,花蓮縣政府北偏東方  23.1  公里 (位於花蓮縣近海)
96,第019號,2月06日15時08分,121.71,24.18,4,10.3,花蓮縣政府北偏東方  23.2  公里 (位於花蓮縣近海)
97,小區域,2月06日15時58分,121.76,24.2,3.6,11.4,花蓮縣政府東北方  27.2  公里 (位於臺灣東部海域)
98,小區域,2月06日16時26分,121.7,24.13,4.1,8.2,花蓮縣政府北偏東方  16.9  公里 (位於花蓮縣近海)
99,第020號,2月06日16時36分,121.72,24.11,4.2,5.7,花蓮縣政府東北方  16.7  公里 (位於花蓮縣近海)
100,第021號,2月06日17時20分,121.77,24.23,4,6.5,花蓮縣政府北偏東方  30.4  公里 (位於花蓮縣近海)
101,小區域,2月06日21時36分,121.67,24.17,3.7,9,花蓮縣政府北偏東方  20.2  公里 (位於花蓮縣近海)
102,第022號,2月06日23時50分,121.69,24.14,6,10,花蓮縣政府北偏東方  18.3  公里 (位於花蓮縣近海)
103,第023號,2月06日23時53分,121.59,23.98,5,5.1,花蓮縣政府西偏南方  3.1  公里 (位於花蓮縣花蓮市)
104,小區域,2月06日23時54分,121.58,24.03,4.6,6.3,花蓮縣政府西北方  5.6  公里 (位於花蓮縣秀林鄉)
105,小區域,2月06日23時57分,121.64,24.07,3.4,6.2,花蓮縣政府北偏東方  9.1  公里 (位於花蓮縣近海)
106,小區域,2月06日23時58分,121.63,24.07,3.6,9.5,花蓮縣政府北方  8.3  公里 (位於花蓮縣近海)
107,小區域,2月06日23時59分,121.66,24.11,4,10.5,花蓮縣政府北偏東方  14.0  公里 (位於花蓮縣近海)
108,小區域,2月07日00時00分,121.68,24.04,3.4,6,花蓮縣政府東北方  8.0  公里 (位於花蓮縣近海)
109,小區域,2月07日00時01分,121.62,24.04,3.4,4.5,花蓮縣政府北方  6.0  公里 (位於花蓮縣近海)
110,小區域,2月07日00時03分,121.6,24.05,3.5,7.1,花蓮縣政府北偏西方  6.4  公里 (位於花蓮縣新城鄉)
111,小區域,2月07日00時03分,121.59,24.03,3.6,6.5,花蓮縣政府西北方  5.2  公里 (位於花蓮縣新城鄉)
112,小區域,2月07日00時04分,121.58,23.99,3.3,6.6,花蓮縣政府西方  3.6  公里 (位於花蓮縣吉安鄉)
113,小區域,2月07日00時06分,121.62,24.04,3.9,1.5,花蓮縣政府北方  5.2  公里 (位於花蓮縣近海)
114,小區域,2月07日00時07分,121.58,23.96,3.2,9.6,花蓮縣政府西南方  5.2  公里 (位於花蓮縣吉安鄉)
115,小區域,2月07日00時11分,121.59,23.99,3.1,6.1,花蓮縣政府西方  2.6  公里 (位於花蓮縣吉安鄉)
116,第024號,2月07日00時13分,121.61,24.03,4,2.6,花蓮縣政府北偏西方  4.0  公里 (位於花蓮縣新城鄉)
117,小區域,2月07日00時16分,121.56,23.96,3.8,6.7,花蓮縣政府西偏南方  6.6  公里 (位於花蓮縣吉安鄉)
118,第025號,2月07日00時17分,121.62,24.01,4.7,5,花蓮縣政府北方  2.4  公里 (位於花蓮縣花蓮市)
119,小區域,2月07日00時18分,121.61,24.02,3.5,6.2,花蓮縣政府北偏西方  3.9  公里 (位於花蓮縣新城鄉)
120,小區域,2月07日00時19分,121.62,24.01,3.2,5.6,花蓮縣政府北方  2.6  公里 (位於花蓮縣花蓮市)
121,小區域,2月07日00時20分,121.62,24.02,3.2,3,花蓮縣政府北方  3.5  公里 (位於花蓮縣花蓮市)
122,小區域,2月07日00時21分,121.58,24.05,2.8,2.9,花蓮縣政府北偏西方  7.4  公里 (位於花蓮縣秀林鄉)
123,小區域,2月07日00時23分,121.63,24.11,3.3,8.8,花蓮縣政府北方  12.7  公里 (位於花蓮縣新城鄉)
124,第026號,2月07日00時26分,121.6,24.01,4.1,6.3,花蓮縣政府西北方  3.3  公里 (位於花蓮縣新城鄉)
125,小區域,2月07日00時28分,121.62,24.08,3.4,9,花蓮縣政府北方  10.2  公里 (位於花蓮縣近海)
126,小區域,2月07日00時31分,121.61,24.06,3.5,6.7,花蓮縣政府北方  7.8  公里 (位於花蓮縣近海)
127,小區域,2月07日00時32分,121.61,24.07,3.3,5.3,花蓮縣政府北方  8.5  公里 (位於花蓮縣近海)
128,小區域,2月07日00時34分,121.61,24.03,3.4,5,花蓮縣政府北偏西方  4.9  公里 (位於花蓮縣新城鄉)
129,小區域,2月07日00時35分,121.64,24.06,4,4.5,花蓮縣政府北偏東方  7.5  公里 (位於花蓮縣近海)
130,小區域,2月07日00時38分,121.57,24.02,2.9,6.8,花蓮縣政府西偏北方  5.5  公里 (位於花蓮縣秀林鄉)
131,小區域,2月07日00時38分,121.58,24.01,3,5.9,花蓮縣政府西偏北方  4.5  公里 (位於花蓮縣花蓮市)
132,小區域,2月07日00時39分,121.63,24.06,3.3,6.9,花蓮縣政府北方  8.2  公里 (位於花蓮縣近海)
133,小區域,2月07日00時44分,121.59,24.01,3.8,5.1,花蓮縣政府西偏北方  4.0  公里 (位於花蓮縣花蓮市)
134,小區域,2月07日00時46分,121.68,24.09,3.7,7.3,花蓮縣政府北偏東方  13.2  公里 (位於花蓮縣近海)
135,小區域,2月07日00時55分,121.63,24.06,3.6,8,花蓮縣政府北偏東方  7.3  公里 (位於花蓮縣近海)
136,小區域,2月07日00時57分,121.65,24.05,3.4,6.6,花蓮縣政府北偏東方  7.7  公里 (位於花蓮縣近海)
137,小區域,2月07日00時57分,121.59,24.01,3.2,6.3,花蓮縣政府西偏北方  4.1  公里 (位於花蓮縣花蓮市)
138,小區域,2月07日01時01分,121.58,24,2.9,6.7,花蓮縣政府西偏北方  4.5  公里 (位於花蓮縣花蓮市)
139,小區域,2月07日01時02分,121.76,24.21,4.1,11.8,花蓮縣政府北偏東方  27.7  公里 (位於花蓮縣近海)
140,小區域,2月07日01時06分,121.56,24,3.3,7,花蓮縣政府西偏北方  5.9  公里 (位於花蓮縣花蓮市)
141,小區域,2月07日01時09分,121.62,24.07,3.5,10.5,花蓮縣政府北方  8.5  公里 (位於花蓮縣近海)
142,小區域,2月07日01時11分,121.66,24.13,3.5,10.5,花蓮縣政府北偏東方  16.2  公里 (位於花蓮縣近海)
143,小區域,2月07日01時16分,121.65,24.11,3.4,10.4,花蓮縣政府北偏東方  13.3  公里 (位於花蓮縣近海)
144,小區域,2月07日01時17分,121.57,23.99,3.1,9,花蓮縣政府西方  4.7  公里 (位於花蓮縣吉安鄉)
145,小區域,2月07日01時18分,121.6,24.02,3.7,9.8,花蓮縣政府西北方  4.0  公里 (位於花蓮縣新城鄉)
146,小區域,2月07日01時19分,121.71,24.11,3.5,8,花蓮縣政府東北方  16.0  公里 (位於花蓮縣近海)
147,小區域,2月07日01時20分,121.58,24.12,3.1,8.8,花蓮縣政府北偏西方  14.4  公里 (位於花蓮縣秀林鄉)
148,小區域,2月07日01時23分,121.65,24.16,3.9,5,花蓮縣政府北方  19.3  公里 (位於花蓮縣秀林鄉)
149,小區域,2月07日01時27分,121.6,24.03,3,8.5,花蓮縣政府北偏西方  4.9  公里 (位於花蓮縣新城鄉)
150,小區域,2月07日01時32分,121.57,23.99,3.1,11.2,花蓮縣政府西方  4.7  公里 (位於花蓮縣吉安鄉)
151,小區域,2月07日01時41分,121.61,24.04,3.3,7.8,花蓮縣政府北方  5.6  公里 (位於花蓮縣新城鄉)
152,小區域,2月07日01時45分,121.64,24.07,3.5,7.9,花蓮縣政府北偏東方  8.7  公里 (位於花蓮縣近海)
153,小區域,2月07日01時49分,121.58,24.01,3,6.4,花蓮縣政府西偏北方  4.2  公里 (位於花蓮縣花蓮市)
154,第027號,2月07日01時50分,121.58,24.01,4.1,5.5,花蓮縣政府西偏北方  4.3  公里 (位於花蓮縣花蓮市)
155,小區域,2月07日01時56分,121.64,24.08,3.6,8.1,花蓮縣政府北偏東方  9.9  公里 (位於花蓮縣近海)
156,第028號,2月07日02時00分,121.71,24.14,5.2,10,花蓮縣政府北偏東方  18.7  公里 (位於花蓮縣近海)
157,小區域,2月07日02時02分,121.65,24.05,3.3,4.5,花蓮縣政府北偏東方  7.0  公里 (位於花蓮縣近海)
158,小區域,2月07日02時06分,121.63,24.08,3.6,7.4,花蓮縣政府北方  10.0  公里 (位於花蓮縣近海)
159,第029號,2月07日02時07分,121.81,24.04,5.4,10,花蓮縣政府東偏北方  20.7  公里 (位於臺灣東部海域)
160,小區域,2月07日02時08分,121.63,24.04,3.8,6.8,花蓮縣政府北偏東方  6.0  公里 (位於花蓮縣近海)
161,第030號,2月07日02時09分,121.61,24.06,4,7.4,花蓮縣政府北方  7.1  公里 (位於花蓮縣近海)
162,小區域,2月07日02時10分,121.61,24.05,3.7,7.6,花蓮縣政府北方  6.1  公里 (位於花蓮縣新城鄉)
163,小區域,2月07日02時27分,121.59,24,3.7,6.1,花蓮縣政府西偏北方  2.7  公里 (位於花蓮縣花蓮市)
164,小區域,2月07日02時28分,121.59,24,3.1,5.4,花蓮縣政府西偏北方  3.1  公里 (位於花蓮縣花蓮市)
165,小區域,2月07日02時29分,121.63,24.03,3.3,8.7,花蓮縣政府北方  4.5  公里 (位於花蓮縣近海)
166,小區域,2月07日02時32分,121.58,24,3,7.4,花蓮縣政府西方  3.8  公里 (位於花蓮縣花蓮市)
167,小區域,2月07日02時37分,121.65,24.11,3.4,9.1,花蓮縣政府北偏東方  13.4  公里 (位於花蓮縣近海)
168,小區域,2月07日02時38分,121.71,24.11,3.6,8.7,花蓮縣政府東北方  15.9  公里 (位於花蓮縣近海)
169,小區域,2月07日02時41分,121.57,23.99,3.1,10.6,花蓮縣政府西方  5.1  公里 (位於花蓮縣吉安鄉)
170,小區域,2月07日02時56分,121.6,24.04,3.2,6.5,花蓮縣政府北偏西方  6.0  公里 (位於花蓮縣新城鄉)
171,小區域,2月07日03時01分,121.61,24.08,3.8,7.3,花蓮縣政府北方  9.8  公里 (位於花蓮縣近海)
172,小區域,2月07日03時03分,121.6,24.06,3.5,5.2,花蓮縣政府北偏西方  8.1  公里 (位於花蓮縣新城鄉)
173,小區域,2月07日03時05分,121.57,23.97,3,12.2,花蓮縣政府西偏南方  5.5  公里 (位於花蓮縣吉安鄉)
174,小區域,2月07日03時10分,121.58,24.02,3.9,7.4,花蓮縣政府西北方  5.3  公里 (位於花蓮縣新城鄉)
175,小區域,2月07日03時13分,121.66,24.13,3.5,10.8,花蓮縣政府北偏東方  15.5  公里 (位於花蓮縣近海)
176,第031號,2月07日03時15分,121.7,24.02,5.4,10,花蓮縣政府東偏北方  9.1  公里 (位於花蓮縣近海)
177,小區域,2月07日03時16分,121.63,24.07,3.8,7.5,花蓮縣政府北方  8.8  公里 (位於花蓮縣近海)
178,小區域,2月07日03時17分,121.58,24,3.9,3.7,花蓮縣政府西偏北方  3.9  公里 (位於花蓮縣花蓮市)
179,小區域,2月07日03時25分,121.66,24.02,3.6,26.8,花蓮縣政府東北方  4.9  公里 (位於花蓮縣近海)
180,小區域,2月07日03時32分,121.65,24.1,3.2,8.9,花蓮縣政府北偏東方  12.3  公里 (位於花蓮縣近海)
181,小區域,2月07日03時33分,121.59,24.03,3,8.6,花蓮縣政府西北方  5.0  公里 (位於花蓮縣新城鄉)
182,第032號,2月07日03時36分,121.74,24.05,4.6,5,花蓮縣政府東偏北方  14.2  公里 (位於臺灣東部海域)
183,小區域,2月07日03時37分,121.58,23.99,3.2,8.4,花蓮縣政府西方  3.9  公里 (位於花蓮縣吉安鄉)
184,小區域,2月07日03時51分,121.71,24.05,3.6,5,花蓮縣政府東偏北方  11.1  公里 (位於花蓮縣近海)
185,小區域,2月07日03時57分,121.66,24.18,3.6,8.3,花蓮縣政府北偏東方  21.2  公里 (位於花蓮縣近海)
186,小區域,2月07日04時02分,121.68,24.15,3.6,10.8,花蓮縣政府北偏東方  18.9  公里 (位於花蓮縣近海)
187,小區域,2月07日04時12分,121.66,24.09,3.6,9.5,花蓮縣政府北偏東方  12.0  公里 (位於花蓮縣近海)
188,小區域,2月07日04時25分,121.69,24.16,3.8,7.5,花蓮縣政府北偏東方  19.5  公里 (位於花蓮縣近海)
189,小區域,2月07日04時28分,121.58,24.03,3.1,6.4,花蓮縣政府西北方  6.1  公里 (位於花蓮縣秀林鄉)
190,小區域,2月07日04時30分,121.69,24.12,3.5,10.9,花蓮縣政府北偏東方  16.1  公里 (位於花蓮縣近海)
191,小區域,2月07日04時33分,121.74,24.05,4,5.1,花蓮縣政府東偏北方  13.4  公里 (位於臺灣東部海域)
192,小區域,2月07日04時40分,121.68,24.1,3.4,9.3,花蓮縣政府北偏東方  13.4  公里 (位於花蓮縣近海)
193,小區域,2月07日04時48分,121.66,24.01,3.9,10.8,花蓮縣政府東偏北方  4.4  公里 (位於花蓮縣近海)
194,小區域,2月07日04時51分,121.61,24.07,3.6,9.8,花蓮縣政府北方  8.8  公里 (位於花蓮縣近海)
195,小區域,2月07日04時51分,121.67,24.12,4,7.2,花蓮縣政府北偏東方  15.3  公里 (位於花蓮縣近海)
196,第033號,2月07日04時56分,121.64,24.09,4.6,6.5,花蓮縣政府北偏東方  11.6  公里 (位於花蓮縣近海)
197,小區域,2月07日04時58分,121.7,24.25,3.9,22,花蓮縣政府北偏東方  30.3  公里 (位於花蓮縣秀林鄉)
198,第034號,2月07日05時02分,121.59,23.99,4.4,7.9,花蓮縣政府西方  3.6  公里 (位於花蓮縣吉安鄉)
199,小區域,2月07日05時05分,121.59,24.09,3.7,15.4,花蓮縣政府北偏西方  11.6  公里 (位於花蓮縣秀林鄉)
200,小區域,2月07日05時06分,121.56,23.99,3.2,9.2,花蓮縣政府西方  5.6  公里 (位於花蓮縣吉安鄉)
201,小區域,2月07日05時14分,121.73,24.04,3.7,5.9,花蓮縣政府東偏北方  12.7  公里 (位於臺灣東部海域)
202,小區域,2月07日05時22分,121.59,24.03,3.4,7.5,花蓮縣政府西北方  5.7  公里 (位於花蓮縣新城鄉)
203,小區域,2月07日05時27分,121.56,24.1,3.6,7.2,花蓮縣政府北偏西方  13.7  公里 (位於花蓮縣秀林鄉)
204,小區域,2月07日05時37分,121.58,24.03,3.2,8.3,花蓮縣政府西北方  5.6  公里 (位於花蓮縣秀林鄉)
205,小區域,2月07日05時48分,121.58,24.03,3.2,7.9,花蓮縣政府西北方  5.3  公里 (位於花蓮縣秀林鄉)
206,小區域,2月07日05時56分,121.56,24.01,3.5,9.1,花蓮縣政府西偏北方  7.0  公里 (位於花蓮縣秀林鄉)
207,小區域,2月07日06時07分,121.58,23.99,3.4,6.7,花蓮縣政府西方  4.1  公里 (位於花蓮縣吉安鄉)
208,小區域,2月07日06時08分,121.6,24.02,3.3,3.6,花蓮縣政府西北方  3.8  公里 (位於花蓮縣新城鄉)
209,小區域,2月07日06時11分,121.59,24,2.9,5.5,花蓮縣政府西偏北方  3.2  公里 (位於花蓮縣花蓮市)
210,小區域,2月07日06時15分,121.62,24.06,3.2,7.6,花蓮縣政府北方  7.4  公里 (位於花蓮縣近海)
211,小區域,2月07日06時33分,121.6,24.04,3.1,6.1,花蓮縣政府北偏西方  6.0  公里 (位於花蓮縣新城鄉)
212,小區域,2月07日06時34分,121.62,23.99,3.3,5.8,花蓮縣政府北偏東方  .4  公里 (位於花蓮縣花蓮市)
213,小區域,2月07日06時35分,121.72,24.27,3.6,11.5,花蓮縣政府北偏東方  32.4  公里 (位於花蓮縣秀林鄉)
214,小區域,2月07日06時45分,121.59,24.02,3,7.6,花蓮縣政府西北方  4.5  公里 (位於花蓮縣新城鄉)
215,小區域,2月07日06時54分,121.77,24.04,3.9,6.7,花蓮縣政府東偏北方  16.2  公里 (位於臺灣東部海域)
216,第035號,2月07日07時11分,121.66,24.1,4.5,5,花蓮縣政府北偏東方  13.1  公里 (位於花蓮縣近海)
217,小區域,2月07日07時24分,121.59,24.01,3.9,5.7,花蓮縣政府西偏北方  3.7  公里 (位於花蓮縣花蓮市)
218,小區域,2月07日07時25分,121.58,24.01,3.2,7.9,花蓮縣政府西偏北方  4.2  公里 (位於花蓮縣花蓮市)
219,小區域,2月07日07時31分,121.58,24.05,3.1,2.4,花蓮縣政府西北方  7.6  公里 (位於花蓮縣秀林鄉)
220,小區域,2月07日07時34分,121.57,23.99,3,8.5,花蓮縣政府西方  4.6  公里 (位於花蓮縣吉安鄉)
221,第036號,2月07日07時43分,121.62,24.05,4.4,6.1,花蓮縣政府北方  6.7  公里 (位於花蓮縣近海)
222,小區域,2月07日07時46分,121.59,24.04,3,9.1,花蓮縣政府北偏西方  6.3  公里 (位於花蓮縣新城鄉)
223,小區域,2月07日07時56分,121.64,24.11,3.6,12.8,花蓮縣政府北方  13.0  公里 (位於花蓮縣近海)
224,小區域,2月07日08時09分,121.59,24.03,3.4,6.7,花蓮縣政府西北方  5.4  公里 (位於花蓮縣新城鄉)
225,小區域,2月07日08時28分,121.57,23.98,3.5,7.9,花蓮縣政府西方  4.7  公里 (位於花蓮縣吉安鄉)
226,小區域,2月07日08時55分,121.59,23.97,3.2,11,花蓮縣政府西偏南方  3.9  公里 (位於花蓮縣吉安鄉)
227,小區域,2月07日09時16分,121.59,23.98,2.9,8,花蓮縣政府西偏南方  3.5  公里 (位於花蓮縣花蓮市)
228,小區域,2月07日09時17分,121.65,24.16,3.7,8.4,花蓮縣政府北方  18.8  公里 (位於花蓮縣秀林鄉)
229,第037號,2月07日09時21分,121.71,24.03,4.2,5,花蓮縣政府東偏北方  10.7  公里 (位於花蓮縣近海)
230,小區域,2月07日09時26分,121.66,24.1,3.5,9.9,花蓮縣政府北偏東方  13.1  公里 (位於花蓮縣近海)
231,小區域,2月07日09時26分,121.65,24.11,3.9,12,花蓮縣政府北偏東方  13.6  公里 (位於花蓮縣近海)
232,小區域,2月07日09時30分,121.63,24.09,3.3,6.6,花蓮縣政府北方  10.8  公里 (位於花蓮縣近海)
233,小區域,2月07日09時42分,121.6,24.04,3.6,7.3,花蓮縣政府北偏西方  5.9  公里 (位於花蓮縣新城鄉)
234,小區域,2月07日09時42分,121.55,23.96,3.4,9.2,花蓮縣政府西偏南方  7.9  公里 (位於花蓮縣吉安鄉)
235,小區域,2月07日09時58分,121.57,24.1,3.4,6.9,花蓮縣政府北偏西方  13.2  公里 (位於花蓮縣秀林鄉)
236,第038號,2月07日10時18分,121.7,24.11,4.4,5,花蓮縣政府北偏東方  15.0  公里 (位於花蓮縣近海)
237,小區域,2月07日10時20分,121.55,23.93,3.3,17.1,花蓮縣政府西南方  9.8  公里 (位於花蓮縣吉安鄉)
238,小區域,2月07日10時26分,121.57,23.92,3.2,7.8,花蓮縣政府西南方  8.8  公里 (位於花蓮縣吉安鄉)
239,小區域,2月07日10時29分,121.59,23.98,3.7,7.6,花蓮縣政府西偏南方  3.7  公里 (位於花蓮縣花蓮市)
240,小區域,2月07日10時54分,121.65,24.08,3.8,2.6,花蓮縣政府北偏東方  10.6  公里 (位於花蓮縣近海)
241,小區域,2月07日11時18分,121.58,24.08,3.1,5,花蓮縣政府北偏西方  10.1  公里 (位於花蓮縣秀林鄉)
242,小區域,2月07日11時21分,121.74,24.17,3.6,12.3,花蓮縣政府東北方  22.9  公里 (位於花蓮縣近海)
243,小區域,2月07日11時26分,121.66,24.12,3.5,9.8,花蓮縣政府北偏東方  15.4  公里 (位於花蓮縣近海)
244,小區域,2月07日11時30分,121.62,24.11,3.2,11.2,花蓮縣政府北方  13.1  公里 (位於花蓮縣新城鄉)
245,第039號,2月07日11時36分,121.7,24.11,4.8,5,花蓮縣政府北偏東方  15.2  公里 (位於花蓮縣近海)
246,小區域,2月07日11時37分,121.67,24.11,3.7,6.1,花蓮縣政府北偏東方  14.5  公里 (位於花蓮縣近海)
247,小區域,2月07日11時40分,121.69,24.21,3.9,17.8,花蓮縣政府北偏東方  25.3  公里 (位於花蓮縣近海)
248,小區域,2月07日11時54分,121.59,24.03,3,4.4,花蓮縣政府西北方  5.5  公里 (位於花蓮縣新城鄉)
249,小區域,2月07日11時57分,121.62,24.09,3.9,8.6,花蓮縣政府北方  10.4  公里 (位於花蓮縣近海)
250,小區域,2月07日12時18分,121.59,23.99,3.4,7.2,花蓮縣政府西方  3.6  公里 (位於花蓮縣吉安鄉)
251,小區域,2月07日12時33分,121.58,24.01,3.8,5.9,花蓮縣政府西偏北方  4.5  公里 (位於花蓮縣花蓮市)
252,小區域,2月07日12時37分,121.59,24.02,3.1,9.3,花蓮縣政府西北方  5.2  公里 (位於花蓮縣新城鄉)
253,小區域,2月07日12時39分,121.59,24.02,3.9,5.8,花蓮縣政府西北方  4.5  公里 (位於花蓮縣新城鄉)
254,小區域,2月07日12時43分,121.58,24.02,3.6,5.9,花蓮縣政府西北方  5.2  公里 (位於花蓮縣新城鄉)
255,小區域,2月07日12時48分,121.55,23.96,3.7,23.8,花蓮縣政府西偏南方  8.1  公里 (位於花蓮縣吉安鄉)
256,第040號,2月07日12時50分,121.64,24.09,4.5,11.5,花蓮縣政府北偏東方  11.0  公里 (位於花蓮縣近海)
257,小區域,2月07日12時56分,121.74,24.21,3.6,14.2,花蓮縣政府北偏東方  26.6  公里 (位於花蓮縣近海)
258,小區域,2月07日12時56分,121.57,24.09,3.8,6.5,花蓮縣政府北偏西方  12.4  公里 (位於花蓮縣秀林鄉)
259,小區域,2月07日12時59分,121.6,24.09,3.5,5.3,花蓮縣政府北方  11.1  公里 (位於花蓮縣秀林鄉)
260,小區域,2月07日13時07分,121.68,24.01,3.9,5,花蓮縣政府東偏北方  6.3  公里 (位於花蓮縣近海)
261,小區域,2月07日13時09分,121.67,24.13,3.7,11.6,花蓮縣政府北偏東方  16.2  公里 (位於花蓮縣近海)
262,小區域,2月07日15時00分,121.59,24.05,3.3,15.9,花蓮縣政府北偏西方  7.8  公里 (位於花蓮縣秀林鄉)
263,小區域,2月07日15時39分,121.57,24.09,3.4,5.8,花蓮縣政府北偏西方  11.5  公里 (位於花蓮縣秀林鄉)
264,小區域,2月07日15時53分,121.74,24.18,3.6,13.8,花蓮縣政府北偏東方  23.8  公里 (位於花蓮縣近海)
265,第041號,2月07日16時23分,121.63,24.14,4,5,花蓮縣政府北方  16.6  公里 (位於花蓮縣秀林鄉)
266,小區域,2月07日17時04分,121.6,24.08,3.2,6.6,花蓮縣政府北方  9.7  公里 (位於花蓮縣秀林鄉)
267,小區域,2月07日17時31分,121.59,23.99,3.6,9.5,花蓮縣政府西方  2.8  公里 (位於花蓮縣吉安鄉)
268,小區域,2月07日17時35分,121.58,24,3.8,6.3,花蓮縣政府西偏北方  4.0  公里 (位於花蓮縣花蓮市)
269,小區域,2月07日17時35分,121.58,24.01,3.3,5.2,花蓮縣政府西偏北方  4.9  公里 (位於花蓮縣花蓮市)
270,小區域,2月07日17時46分,121.74,24.05,3.8,6.1,花蓮縣政府東偏北方  14.4  公里 (位於臺灣東部海域)
271,小區域,2月07日17時52分,121.58,23.99,3.1,6.7,花蓮縣政府西方  4.1  公里 (位於花蓮縣吉安鄉)
272,小區域,2月07日17時56分,121.59,23.95,3.4,11.3,花蓮縣政府西南方  5.4  公里 (位於花蓮縣吉安鄉)
273,第042號,2月07日18時19分,121.67,24.23,4.2,17.3,花蓮縣政府北偏東方  26.9  公里 (位於花蓮縣秀林鄉)
274,小區域,2月07日18時29分,121.69,24.2,3.8,12,花蓮縣政府北偏東方  24.0  公里 (位於花蓮縣近海)
275,小區域,2月07日18時33分,121.63,24.05,3.3,10,花蓮縣政府北偏東方  6.8  公里 (位於花蓮縣近海)
276,第043號,2月07日19時13分,121.7,24.03,4.7,5.7,花蓮縣政府東偏北方  9.3  公里 (位於花蓮縣近海)
277,小區域,2月07日19時19分,121.64,24.13,3.7,9.6,花蓮縣政府北方  15.9  公里 (位於花蓮縣新城鄉)
278,小區域,2月07日19時22分,121.63,24.08,3.9,10.7,花蓮縣政府北方  9.7  公里 (位於花蓮縣近海)
279,第044號,2月07日19時33分,121.54,23.91,4.1,12.9,花蓮縣政府西南方  11.9  公里 (位於花蓮縣壽豐鄉)
280,小區域,2月07日19時54分,121.55,24,3.3,14.5,花蓮縣政府西方  7.1  公里 (位於花蓮縣秀林鄉)
281,小區域,2月07日19時58分,121.8,24.04,4.4,11.6,花蓮縣政府東偏北方  18.9  公里 (位於臺灣東部海域)
282,小區域,2月07日20時39分,121.64,24.1,3.6,10.6,花蓮縣政府北方  12.7  公里 (位於花蓮縣近海)
283,第045號,2月07日20時51分,121.65,24.24,4,20.9,花蓮縣政府北方  28.1  公里 (位於花蓮縣秀林鄉)
284,第046號,2月07日21時06分,121.71,24.12,4.8,7.9,花蓮縣政府北偏東方  17.3  公里 (位於花蓮縣近海)
285,小區域,2月07日21時08分,121.69,24.12,4.3,10.7,花蓮縣政府北偏東方  15.8  公里 (位於花蓮縣近海)
286,小區域,2月07日21時39分,121.71,23.99,3.9,27.5,花蓮縣政府東方  9.0  公里 (位於花蓮縣近海)
287,小區域,2月07日21時58分,121.61,24.07,3.4,7.3,花蓮縣政府北方  8.9  公里 (位於花蓮縣近海)
288,小區域,2月07日22時17分,121.57,23.95,3.1,10.2,花蓮縣政府西南方  6.7  公里 (位於花蓮縣吉安鄉)
289,第047號,2月07日22時19分,121.63,24,4.1,5,花蓮縣政府東北方  1.6  公里 (位於花蓮縣花蓮市)
290,第048號,2月07日23時21分,121.79,24.12,5.7,10,花蓮縣政府東北方  22.1  公里 (位於臺灣東部海域)
291,小區域,2月07日23時23分,121.67,24.13,3.9,10.2,花蓮縣政府北偏東方  16.6  公里 (位於花蓮縣近海)
292,小區域,2月07日23時23分,121.69,24.15,3.9,10.1,花蓮縣政府北偏東方  19.0  公里 (位於花蓮縣近海)
293,小區域,2月07日23時24分,121.68,24.15,4.1,10.6,花蓮縣政府北偏東方  18.1  公里 (位於花蓮縣近海)
294,小區域,2月07日23時24分,121.69,24.12,3.5,10,花蓮縣政府北偏東方  16.2  公里 (位於花蓮縣近海)
295,小區域,2月07日23時31分,121.64,24.15,3.4,16.7,花蓮縣政府北方  17.4  公里 (位於花蓮縣秀林鄉)
296,小區域,2月07日23時37分,121.7,24.14,3.7,8.8,花蓮縣政府北偏東方  18.5  公里 (位於花蓮縣近海)
297,小區域,2月07日23時56分,121.8,24.12,3.9,7,花蓮縣政府東北方  22.8  公里 (位於臺灣東部海域)
298,小區域,2月08日00時18分,121.68,24.15,3.6,11,花蓮縣政府北偏東方  18.2  公里 (位於花蓮縣近海)
299,小區域,2月08日00時27分,121.62,24.04,3,8.1,花蓮縣政府北方  5.8  公里 (位於花蓮縣近海)
300,小區域,2月08日01時30分,121.6,24,3.4,6.5,花蓮縣政府西偏北方  2.7  公里 (位於花蓮縣花蓮市)
301,小區域,2月08日01時30分,121.58,24,3.4,8.1,花蓮縣政府西偏北方  4.5  公里 (位於花蓮縣花蓮市)
302,第049號,2月08日02時02分,121.74,23.98,4.2,23.9,花蓮縣政府東方  12.5  公里 (位於臺灣東部海域)
303,小區域,2月08日02時17分,121.58,23.99,2.9,6.7,花蓮縣政府西方  4.2  公里 (位於花蓮縣吉安鄉)
304,小區域,2月08日02時19分,121.59,24,2.9,5.2,花蓮縣政府西偏北方  3.0  公里 (位於花蓮縣花蓮市)
305,小區域,2月08日02時20分,121.59,24,3.4,5.7,花蓮縣政府西偏北方  3.7  公里 (位於花蓮縣花蓮市)
306,小區域,2月08日02時22分,121.56,23.93,3.2,21.7,花蓮縣政府西南方  8.8  公里 (位於花蓮縣吉安鄉)
307,第050號,2月08日02時43分,121.56,23.95,4.2,10.5,花蓮縣政府西偏南方  7.6  公里 (位於花蓮縣吉安鄉)
308,小區域,2月08日04時53分,121.58,24.04,2.9,5.3,花蓮縣政府西北方  7.0  公里 (位於花蓮縣秀林鄉)
309,第051號,2月08日05時34分,121.83,24.38,4.1,15.4,宜蘭縣政府南方  39.8  公里 (位於宜蘭縣近海)
310,小區域,2月08日05時56分,121.72,24.09,3.7,7.3,花蓮縣政府東北方  14.4  公里 (位於臺灣東部海域)
311,小區域,2月08日06時29分,121.58,24,3.1,9,花蓮縣政府西方  4.3  公里 (位於花蓮縣花蓮市)
312,小區域,2月08日06時34分,121.59,24.04,2.9,3,花蓮縣政府北偏西方  6.8  公里 (位於花蓮縣新城鄉)
313,小區域,2月08日06時44分,121.68,24.13,3.4,9.7,花蓮縣政府北偏東方  16.0  公里 (位於花蓮縣近海)
314,小區域,2月08日07時01分,121.59,24,3.2,6.2,花蓮縣政府西偏北方  3.5  公里 (位於花蓮縣花蓮市)
315,小區域,2月08日07時15分,121.6,24.04,3,8.4,花蓮縣政府北偏西方  5.5  公里 (位於花蓮縣新城鄉)
316,小區域,2月08日07時23分,121.54,23.96,3,22.1,花蓮縣政府西偏南方  8.3  公里 (位於花蓮縣吉安鄉)
317,小區域,2月08日07時53分,121.6,23.98,3.4,2.7,花蓮縣政府西偏南方  1.8  公里 (位於花蓮縣花蓮市)
318,第052號,2月08日08時54分,121.58,23.99,4.8,7.6,花蓮縣政府西方  4.1  公里 (位於花蓮縣吉安鄉)
319,第053號,2月08日08時54分,121.55,24.01,4.6,9.6,花蓮縣政府西偏北方  7.3  公里 (位於花蓮縣秀林鄉)
320,第054號,2月08日08時59分,121.57,23.99,4,7.5,花蓮縣政府西方  4.9  公里 (位於花蓮縣吉安鄉)
321,小區域,2月08日09時08分,121.57,23.99,3.2,9.8,花蓮縣政府西方  4.8  公里 (位於花蓮縣吉安鄉)
322,小區域,2月08日09時16分,121.59,23.99,3.3,8.5,花蓮縣政府西方  3.1  公里 (位於花蓮縣吉安鄉)
323,小區域,2月08日09時26分,121.72,24.13,3.5,11.6,花蓮縣政府東北方  18.1  公里 (位於花蓮縣近海)
324,小區域,2月08日09時35分,121.57,24.01,3.5,6.8,花蓮縣政府西偏北方  5.7  公里 (位於花蓮縣秀林鄉)
325,小區域,2月08日09時53分,121.58,23.98,3.5,9.5,花蓮縣政府西偏南方  3.9  公里 (位於花蓮縣吉安鄉)
326,小區域,2月08日09時56分,121.56,24.05,2.8,10.3,花蓮縣政府西北方  9.1  公里 (位於花蓮縣秀林鄉)
327,小區域,2月08日10時20分,121.56,23.99,3.4,9.8,花蓮縣政府西方  5.8  公里 (位於花蓮縣吉安鄉)
328,小區域,2月08日10時41分,121.73,24.19,3.7,19.4,花蓮縣政府北偏東方  24.7  公里 (位於花蓮縣近海)
329,第055號,2月08日11時06分,121.59,23.99,4.5,9,花蓮縣政府西方  3.2  公里 (位於花蓮縣吉安鄉)
330,第056號,2月08日11時15分,121.59,23.99,4,5,花蓮縣政府西方  3.1  公里 (位於花蓮縣吉安鄉)
331,小區域,2月08日11時20分,121.59,23.99,3.2,8.4,花蓮縣政府西方  2.9  公里 (位於花蓮縣吉安鄉)
332,小區域,2月08日11時23分,121.56,23.98,3.7,7.1,花蓮縣政府西方  6.6  公里 (位於花蓮縣吉安鄉)
333,小區域,2月08日12時23分,121.6,23.98,3.9,8.5,花蓮縣政府西偏南方  2.0  公里 (位於花蓮縣花蓮市)
334,小區域,2月08日13時06分,121.58,24,3.6,9.3,花蓮縣政府西方  4.1  公里 (位於花蓮縣花蓮市)
335,小區域,2月08日13時07分,121.57,24.01,3.4,5.8,花蓮縣政府西偏北方  5.3  公里 (位於花蓮縣秀林鄉)
336,小區域,2月08日13時51分,121.89,24.09,4.8,12.5,花蓮縣政府東偏北方  29.8  公里 (位於臺灣東部海域)
337,小區域,2月08日15時03分,121.6,24.04,3.6,13.3,花蓮縣政府北偏西方  6.2  公里 (位於花蓮縣新城鄉)
338,小區域,2月08日15時16分,121.79,24.06,4.1,5.8,花蓮縣政府東偏北方  18.9  公里 (位於臺灣東部海域)
339,小區域,2月08日15時34分,121.72,24.23,3.8,12.6,花蓮縣政府北偏東方  28.5  公里 (位於花蓮縣近海)
340,小區域,2月08日16時21分,121.6,24.1,3.4,7.6,花蓮縣政府北偏西方  12.2  公里 (位於花蓮縣秀林鄉)
341,小區域,2月08日16時24分,121.56,23.67,4,40.1,花蓮縣政府南方  36.3  公里 (位於花蓮縣近海)
342,小區域,2月08日16時40分,121.67,24.13,3.5,16.3,花蓮縣政府北偏東方  16.2  公里 (位於花蓮縣近海)
343,小區域,2月08日17時36分,121.59,23.99,3.8,6.8,花蓮縣政府西方  3.1  公里 (位於花蓮縣吉安鄉)
344,小區域,2月08日17時55分,121.59,24.05,3.4,13.3,花蓮縣政府北偏西方  7.6  公里 (位於花蓮縣秀林鄉)
345,小區域,2月08日18時02分,121.61,24,3.2,5,花蓮縣政府西偏北方  1.0  公里 (位於花蓮縣花蓮市)
346,小區域,2月08日18時05分,121.58,23.97,3.1,10.4,花蓮縣政府西偏南方  5.1  公里 (位於花蓮縣吉安鄉)
347,小區域,2月08日18時09分,121.68,24.25,3.5,13.4,花蓮縣政府北偏東方  29.2  公里 (位於花蓮縣秀林鄉)
348,小區域,2月08日21時22分,121.74,24.18,3.7,12.8,花蓮縣政府北偏東方  24.4  公里 (位於花蓮縣近海)
349,小區域,2月08日21時52分,121.71,24.21,3.5,17.3,花蓮縣政府北偏東方  26.6  公里 (位於花蓮縣近海)
350,小區域,2月08日22時42分,121.69,24.1,3.8,13.6,花蓮縣政府北偏東方  13.4  公里 (位於花蓮縣近海)
351,小區域,2月08日23時38分,121.57,23.97,3,7.5,花蓮縣政府西偏南方  6.0  公里 (位於花蓮縣吉安鄉)
352,小區域,2月09日00時06分,121.77,24.45,3.8,9.6,宜蘭縣政府南方  31.6  公里 (位於宜蘭縣南澳鄉)
353,小區域,2月09日01時02分,121.59,24.02,3.4,16,花蓮縣政府西北方  4.6  公里 (位於花蓮縣新城鄉)
354,小區域,2月09日01時17分,121.61,24.05,3.3,7.6,花蓮縣政府北偏西方  6.5  公里 (位於花蓮縣新城鄉)
355,小區域,2月09日03時11分,121.83,24.1,4,15.7,花蓮縣政府東偏北方  24.8  公里 (位於臺灣東部海域)
356,小區域,2月09日04時03分,121.68,24.06,3.5,10.9,花蓮縣政府東北方  10.2  公里 (位於花蓮縣近海)
357,小區域,2月09日04時14分,121.85,24.04,4.1,7.2,花蓮縣政府東偏北方  23.7  公里 (位於臺灣東部海域)
358,小區域,2月09日05時51分,121.66,24.22,3.6,14.7,花蓮縣政府北方  25.1  公里 (位於花蓮縣秀林鄉)
359,小區域,2月09日06時15分,121.54,23.92,3.4,6.9,花蓮縣政府西南方  11.6  公里 (位於花蓮縣壽豐鄉)
360,小區域,2月09日07時39分,121.68,24.27,3.5,5.8,花蓮縣政府北偏東方  31.0  公里 (位於花蓮縣秀林鄉)
361,小區域,2月09日08時31分,121.53,23.99,2.7,5.6,花蓮縣政府西方  9.1  公里 (位於花蓮縣吉安鄉)
362,小區域,2月09日08時34分,121.57,24.04,2.9,8.9,花蓮縣政府西北方  7.4  公里 (位於花蓮縣秀林鄉)
363,小區域,2月09日08時46分,121.57,23.99,3.2,15.8,花蓮縣政府西方  5.4  公里 (位於花蓮縣吉安鄉)
364,小區域,2月09日09時21分,121.55,24.04,2.9,9.6,花蓮縣政府西北方  8.5  公里 (位於花蓮縣秀林鄉)
365,第057號,2月09日10時14分,121.61,23.95,4.6,23.4,花蓮縣政府南偏西方  5.0  公里 (位於花蓮縣近海)
366,小區域,2月09日11時35分,121.69,24.12,3.6,10.8,花蓮縣政府北偏東方  15.7  公里 (位於花蓮縣近海)
367,小區域,2月09日11時56分,121.6,23.94,3.9,25.3,花蓮縣政府南偏西方  6.1  公里 (位於花蓮縣壽豐鄉)
368,小區域,2月09日12時05分,121.56,23.95,3.1,21.6,花蓮縣政府西偏南方  7.8  公里 (位於花蓮縣吉安鄉)
369,小區域,2月09日13時59分,121.59,23.97,3.1,9.2,花蓮縣政府西南方  4.1  公里 (位於花蓮縣吉安鄉)
370,小區域,2月09日14時03分,121.59,23.97,3.2,9.8,花蓮縣政府西南方  3.5  公里 (位於花蓮縣吉安鄉)
371,小區域,2月09日19時21分,121.82,24.06,4.2,10.5,花蓮縣政府東偏北方  21.7  公里 (位於臺灣東部海域)
372,小區域,2月09日22時45分,121.8,24.06,4.3,4.4,花蓮縣政府東偏北方  19.9  公里 (位於臺灣東部海域)
373,小區域,2月10日00時37分,121.59,24,3.1,8.1,花蓮縣政府西偏北方  3.2  公里 (位於花蓮縣花蓮市)
374,小區域,2月10日01時33分,121.68,24.24,3.8,15.4,花蓮縣政府北偏東方  27.7  公里 (位於花蓮縣秀林鄉)
375,第058號,2月10日02時43分,121.8,24.06,4.3,5,花蓮縣政府東偏北方  19.5  公里 (位於臺灣東部海域)
376,小區域,2月10日04時25分,121.58,24,3.5,5,花蓮縣政府西偏北方  4.0  公里 (位於花蓮縣花蓮市)
377,小區域,2月10日05時26分,121.52,24,3.4,5,花蓮縣政府西方  10.7  公里 (位於花蓮縣秀林鄉)
378,小區域,2月10日05時51分,121.56,24.01,3,10.5,花蓮縣政府西偏北方  6.7  公里 (位於花蓮縣秀林鄉)
379,小區域,2月10日06時31分,121.56,24,3,10.4,花蓮縣政府西方  6.4  公里 (位於花蓮縣花蓮市)
380,小區域,2月10日08時55分,121.61,24.05,3.7,7.5,花蓮縣政府北方  6.4  公里 (位於花蓮縣新城鄉)
381,小區域,2月10日09時01分,121.62,24.06,3.2,10.1,花蓮縣政府北方  7.3  公里 (位於花蓮縣近海)
382,小區域,2月10日09時31分,121.56,23.99,2.8,10.2,花蓮縣政府西方  6.5  公里 (位於花蓮縣吉安鄉)
383,小區域,2月10日10時24分,121.59,24.02,3.4,15.6,花蓮縣政府西北方  4.5  公里 (位於花蓮縣新城鄉)
384,小區域,2月10日11時56分,121.54,23.91,3.6,8,花蓮縣政府西南方  12.0  公里 (位於花蓮縣壽豐鄉)
385,小區域,2月10日11時59分,121.55,23.9,3.1,9.5,花蓮縣政府西南方  12.4  公里 (位於花蓮縣壽豐鄉)
386,小區域,2月10日13時16分,121.61,24.02,3.3,7,花蓮縣政府北偏西方  3.4  公里 (位於花蓮縣新城鄉)
387,小區域,2月10日13時55分,121.61,24.03,3.2,8.2,花蓮縣政府北方  4.8  公里 (位於花蓮縣新城鄉)
388,小區域,2月10日14時44分,121.57,24.05,3.1,4.8,花蓮縣政府西北方  7.9  公里 (位於花蓮縣秀林鄉)
389,小區域,2月10日15時10分,121.75,24.16,4,5.4,花蓮縣政府東北方  23.1  公里 (位於花蓮縣近海)
390,小區域,2月10日15時37分,121.58,23.99,3.5,5,花蓮縣政府西方  3.6  公里 (位於花蓮縣吉安鄉)
391,第059號,2月10日15時48分,121.81,24.23,4.3,9.3,花蓮縣政府東北方  32.9  公里 (位於臺灣東部海域)
392,小區域,2月10日16時42分,121.56,24.01,3.5,6,花蓮縣政府西偏北方  5.9  公里 (位於花蓮縣秀林鄉)
393,小區域,2月10日18時09分,121.7,24.18,3.6,11.9,花蓮縣政府北偏東方  22.3  公里 (位於花蓮縣近海)
394,小區域,2月10日18時15分,121.58,24.15,3.4,5,花蓮縣政府北偏西方  18.3  公里 (位於花蓮縣秀林鄉)
395,小區域,2月10日18時37分,121.68,24.2,3.4,7.1,花蓮縣政府北偏東方  23.6  公里 (位於花蓮縣近海)
396,小區域,2月10日20時14分,121.57,23.93,3,5.9,花蓮縣政府西南方  9.0  公里 (位於花蓮縣吉安鄉)
397,小區域,2月11日00時25分,121.58,23.96,3.6,9.9,花蓮縣政府西南方  5.2  公里 (位於花蓮縣吉安鄉)
398,小區域,2月11日00時26分,121.57,23.95,2.8,10,花蓮縣政府西南方  7.0  公里 (位於花蓮縣吉安鄉)
399,小區域,2月11日01時55分,121.58,23.99,3.7,9.4,花蓮縣政府西方  4.0  公里 (位於花蓮縣吉安鄉)
400,小區域,2月11日04時53分,121.6,24.04,3,7.7,花蓮縣政府北偏西方  6.1  公里 (位於花蓮縣新城鄉)
401,小區域,2月11日06時11分,121.44,23.9,3.3,17.2,花蓮縣政府西偏南方  21.0  公里 (位於花蓮縣秀林鄉)
402,小區域,2月11日06時27分,121.58,23.93,3.7,20.8,花蓮縣政府西南方  7.4  公里 (位於花蓮縣吉安鄉)
403,小區域,2月11日07時07分,121.57,23.95,3.3,9.9,花蓮縣政府西南方  6.9  公里 (位於花蓮縣吉安鄉)
404,小區域,2月11日10時46分,120.7,22.8,3.5,17.4,屏東縣政府東偏北方  25.6  公里 (位於屏東縣三地門鄉)
405,小區域,2月11日13時22分,121.56,23.91,3.1,9.8,花蓮縣政府西南方  10.6  公里 (位於花蓮縣壽豐鄉)
406,第060號,2月11日15時39分,121.58,23.93,4.2,15.4,花蓮縣政府南偏西方  8.0  公里 (位於花蓮縣吉安鄉)
407,小區域,2月11日15時42分,121.57,23.93,3.9,9.8,花蓮縣政府西南方  8.7  公里 (位於花蓮縣吉安鄉)
408,小區域,2月11日16時13分,121.54,23.92,3,7.9,花蓮縣政府西南方  11.0  公里 (位於花蓮縣壽豐鄉)
409,小區域,2月11日16時20分,121.57,23.97,3.7,7.5,花蓮縣政府西偏南方  5.0  公里 (位於花蓮縣吉安鄉)
410,小區域,2月11日16時20分,121.57,23.97,3.3,10,花蓮縣政府西偏南方  5.2  公里 (位於花蓮縣吉安鄉)
411,小區域,2月11日17時34分,121.59,23.94,3.6,8.3,花蓮縣政府西南方  6.4  公里 (位於花蓮縣吉安鄉)
412,小區域,2月11日17時54分,121.76,24.24,3.7,9.7,花蓮縣政府北偏東方  30.8  公里 (位於花蓮縣近海)
413,小區域,2月11日18時38分,121.59,23.96,3.8,9.6,花蓮縣政府西南方  4.5  公里 (位於花蓮縣吉安鄉)
414,小區域,2月11日22時36分,121.86,24.45,3.8,20.8,宜蘭縣政府南偏東方  32.3  公里 (位於宜蘭縣近海)
415,小區域,2月12日05時34分,121.56,23.96,3.1,11.5,花蓮縣政府西偏南方  7.7  公里 (位於花蓮縣吉安鄉)
416,小區域,2月12日05時34分,121.57,23.96,3,10.9,花蓮縣政府西偏南方  6.3  公里 (位於花蓮縣吉安鄉)
417,小區域,2月12日05時36分,121.55,23.92,3.1,10.5,花蓮縣政府西南方  10.3  公里 (位於花蓮縣壽豐鄉)
418,小區域,2月12日06時38分,121.56,23.96,2.9,11.5,花蓮縣政府西偏南方  7.2  公里 (位於花蓮縣吉安鄉)
419,小區域,2月12日09時45分,121.59,24.01,2.6,6.4,花蓮縣政府西偏北方  3.2  公里 (位於花蓮縣花蓮市)
420,小區域,2月12日10時26分,121.77,24.06,4.2,13.8,花蓮縣政府東偏北方  16.9  公里 (位於臺灣東部海域)
421,小區域,2月12日11時25分,121.74,24.23,3.6,15,花蓮縣政府北偏東方  28.7  公里 (位於花蓮縣近海)
422,小區域,2月12日11時28分,121.73,24.24,3.5,19.3,花蓮縣政府北偏東方  29.5  公里 (位於花蓮縣近海)
423,小區域,2月12日11時54分,121.73,24.24,4,16.1,花蓮縣政府北偏東方  29.9  公里 (位於花蓮縣近海)
424,小區域,2月12日12時45分,121.72,24.24,3.7,21.1,花蓮縣政府北偏東方  29.9  公里 (位於花蓮縣近海)
425,小區域,2月12日12時47分,121.72,24.23,3.9,16.6,花蓮縣政府北偏東方  28.7  公里 (位於花蓮縣近海)
426,小區域,2月12日14時30分,121.55,23.96,3.2,10.4,花蓮縣政府西偏南方  8.1  公里 (位於花蓮縣吉安鄉)
427,小區域,2月12日18時43分,121.59,24.04,3.1,5.5,花蓮縣政府北偏西方  6.2  公里 (位於花蓮縣新城鄉)
428,小區域,2月12日19時28分,121.72,24.22,3.9,10.1,花蓮縣政府北偏東方  27.3  公里 (位於花蓮縣近海)
429,小區域,2月12日20時43分,121.59,24,3,7.2,花蓮縣政府西偏北方  3.6  公里 (位於花蓮縣花蓮市)
430,小區域,2月12日21時59分,121.55,23.91,3.1,10.4,花蓮縣政府西南方  11.6  公里 (位於花蓮縣壽豐鄉)
431,小區域,2月13日00時00分,121.55,24.05,3.5,6.1,花蓮縣政府西北方  9.4  公里 (位於花蓮縣秀林鄉)
432,小區域,2月13日00時32分,121.71,24.23,3.5,17.7,花蓮縣政府北偏東方  27.7  公里 (位於花蓮縣近海)
433,小區域,2月13日03時20分,121.59,24.32,3.4,20.5,宜蘭縣政府南偏西方  49.4  公里 (位於宜蘭縣南澳鄉)
434,小區域,2月13日04時01分,121.58,23.94,3.4,9.5,花蓮縣政府西南方  6.3  公里 (位於花蓮縣吉安鄉)
435,小區域,2月13日04時19分,121.56,23.95,3.1,10.3,花蓮縣政府西南方  7.3  公里 (位於花蓮縣吉安鄉)
436,第061號,2月13日08時03分,121.57,23.96,4,10.2,花蓮縣政府西偏南方  6.4  公里 (位於花蓮縣吉安鄉)
437,小區域,2月13日09時13分,121.55,23.94,3,12.5,花蓮縣政府西南方  8.9  公里 (位於花蓮縣吉安鄉)
438,小區域,2月13日09時24分,121.57,23.93,3.2,11.2,花蓮縣政府西南方  8.2  公里 (位於花蓮縣吉安鄉)
439,小區域,2月13日09時27分,121.62,24.06,3.3,7.6,花蓮縣政府北方  7.6  公里 (位於花蓮縣近海)
440,小區域,2月13日10時51分,121.58,23.95,3.3,13.1,花蓮縣政府西南方  6.4  公里 (位於花蓮縣吉安鄉)
441,小區域,2月13日10時57分,121.56,23.94,3.5,20.5,花蓮縣政府西南方  8.9  公里 (位於花蓮縣吉安鄉)
442,小區域,2月13日13時37分,121.65,24.11,3.4,12.3,花蓮縣政府北偏東方  13.9  公里 (位於花蓮縣近海)
443,小區域,2月13日22時41分,121.56,23.92,3.4,10.4,花蓮縣政府西南方  10.0  公里 (位於花蓮縣壽豐鄉)
444,小區域,2月14日07時56分,121.67,24.18,3.6,11.2,花蓮縣政府北偏東方  21.2  公里 (位於花蓮縣近海)
445,第062號,2月14日08時16分,121.55,23.91,4,10.9,花蓮縣政府西南方  11.3  公里 (位於花蓮縣壽豐鄉)
446,小區域,2月14日08時17分,121.56,23.91,3.9,10.9,花蓮縣政府西南方  11.3  公里 (位於花蓮縣壽豐鄉)
447,第063號,2月14日08時21分,121.56,23.9,4,16,花蓮縣政府西南方  11.8  公里 (位於花蓮縣壽豐鄉)
448,小區域,2月14日08時24分,121.56,23.93,3.5,9.9,花蓮縣政府西南方  9.4  公里 (位於花蓮縣吉安鄉)
449,小區域,2月14日08時32分,121.55,23.92,3,9.3,花蓮縣政府西南方  10.4  公里 (位於花蓮縣壽豐鄉)
450,小區域,2月14日13時54分,121.57,23.93,3.8,6.9,花蓮縣政府西南方  8.4  公里 (位於花蓮縣吉安鄉)
451,小區域,2月15日01時32分,121.59,23.98,3.3,9.4,花蓮縣政府西偏南方  2.9  公里 (位於花蓮縣花蓮市)
452,小區域,2月15日02時27分,121.8,24.23,4.3,11.2,花蓮縣政府東北方  31.6  公里 (位於臺灣東部海域)
453,小區域,2月15日03時08分,121.71,24.24,3.9,11.8,花蓮縣政府北偏東方  28.6  公里 (位於花蓮縣近海)
454,小區域,2月15日04時36分,121.69,24.22,3.5,16.5,花蓮縣政府北偏東方  26.8  公里 (位於花蓮縣近海)
455,小區域,2月15日06時40分,121.75,24.18,3.8,15.9,花蓮縣政府北偏東方  24.9  公里 (位於花蓮縣近海)
456,小區域,2月15日12時17分,121.7,24.15,3.5,10.1,花蓮縣政府北偏東方  19.3  公里 (位於花蓮縣近海)
457,小區域,2月15日15時12分,121.43,23.96,3.6,19.1,花蓮縣政府西方  19.6  公里 (位於花蓮縣秀林鄉)
458,小區域,2月16日00時51分,121.75,24.28,3.5,11.5,花蓮縣政府北偏東方  35.0  公里 (位於花蓮縣近海)
459,第064號,2月16日00時55分,121.76,24.28,4,14.1,花蓮縣政府北偏東方  34.8  公里 (位於花蓮縣近海)
460,小區域,2月16日07時34分,121.7,24.21,3.8,18.2,花蓮縣政府北偏東方  25.6  公里 (位於花蓮縣近海)
461,小區域,2月16日09時48分,121.57,23.98,3.3,7.8,花蓮縣政府西方  4.9  公里 (位於花蓮縣吉安鄉)
462,小區域,2月16日14時12分,121.61,24.05,3.2,6.6,花蓮縣政府北偏西方  6.5  公里 (位於花蓮縣新城鄉)
463,小區域,2月16日15時49分,121.58,23.94,3.5,15.3,花蓮縣政府南偏西方  7.1  公里 (位於花蓮縣吉安鄉)
464,小區域,2月16日18時49分,121.71,24.2,3.7,17.3,花蓮縣政府北偏東方  25.2  公里 (位於花蓮縣近海)
465,小區域,2月17日03時48分,121.72,24.2,3.6,16.8,花蓮縣政府北偏東方  25.0  公里 (位於花蓮縣近海)
466,小區域,2月17日07時44分,121.57,24,3.1,8.6,花蓮縣政府西方  5.5  公里 (位於花蓮縣花蓮市)
467,小區域,2月17日17時06分,121.33,22.62,4.2,22.9,臺東縣政府東南方  23.1  公里 (位於臺灣東部海域)
468,小區域,2月18日00時15分,121.62,23.98,2.8,6.2,花蓮縣政府南偏西方  .8  公里 (位於花蓮縣近海)
469,小區域,2月18日04時56分,121.72,24.25,3.5,12.3,花蓮縣政府北偏東方  30.6  公里 (位於花蓮縣秀林鄉)
470,小區域,2月18日05時10分,121.45,23.92,3.1,13.1,花蓮縣政府西偏南方  19.0  公里 (位於花蓮縣秀林鄉)
471,第065號,2月19日03時21分,121.11,23.86,4.4,22.3,南投縣政府東方  42.8  公里 (位於南投縣仁愛鄉)
472,小區域,2月19日16時27分,121.09,23.87,3.7,26.2,南投縣政府東方  40.8  公里 (位於南投縣仁愛鄉)
473,第066號,2月19日22時47分,121.61,24.63,5.3,46.5,宜蘭縣政府西南方  19.1  公里 (位於宜蘭縣大同鄉)
474,小區域,2月20日06時58分,121.66,24.14,3.3,11,花蓮縣政府北偏東方  17.2  公里 (位於花蓮縣近海)
475,小區域,2月20日08時00分,121.7,24.14,3.7,7.9,花蓮縣政府北偏東方  18.0  公里 (位於花蓮縣近海)
476,小區域,2月20日13時09分,121,22.99,3.8,4.7,臺東縣政府北偏西方  30.1  公里 (位於臺東縣延平鄉)
477,小區域,2月20日14時38分,120.82,24,3.8,28.8,南投縣政府東北方  17.1  公里 (位於南投縣國姓鄉)
478,小區域,2月20日22時14分,121.58,24.08,3.7,6,花蓮縣政府北偏西方  10.7  公里 (位於花蓮縣秀林鄉)
479,小區域,2月21日04時23分,121.55,23.93,3.2,10.6,花蓮縣政府西南方  9.6  公里 (位於花蓮縣吉安鄉)
480,小區域,2月21日08時01分,121.58,24.08,3.5,7.5,花蓮縣政府北偏西方  10.3  公里 (位於花蓮縣秀林鄉)
481,小區域,2月21日13時22分,120.78,23.3,3.8,5.5,高雄市政府東北方  89.5  公里 (位於高雄市桃源區)
482,小區域,2月21日16時07分,121.61,24.07,3.2,8.5,花蓮縣政府北方  9.3  公里 (位於花蓮縣近海)
483,小區域,2月22日04時13分,121.73,24.27,3.7,11.9,花蓮縣政府北偏東方  32.5  公里 (位於花蓮縣秀林鄉)
484,第067號,2月22日07時10分,121.67,23.36,5.6,32.8,花蓮縣政府南方  69.6  公里 (位於臺灣東部海域)
485,小區域,2月22日21時18分,121.77,24.06,4.1,51.4,花蓮縣政府東偏北方  17.0  公里 (位於臺灣東部海域)
486,小區域,2月23日13時25分,120.15,23.09,3.5,24.8,臺南市政府北偏西方  11.4  公里 (位於臺南市安南區)
487,小區域,2月25日00時52分,121.58,23.99,3,6.6,花蓮縣政府西方  3.6  公里 (位於花蓮縣吉安鄉)
488,小區域,2月25日03時56分,121.81,24.82,4.5,84.4,宜蘭縣政府北偏東方  11.2  公里 (位於宜蘭縣礁溪鄉)
489,第068號,2月25日04時07分,121.68,24.22,4.1,9.5,花蓮縣政府北偏東方  25.5  公里 (位於花蓮縣秀林鄉)
490,小區域,2月25日07時57分,121.57,24.17,3.2,24.9,花蓮縣政府北偏西方  20.5  公里 (位於花蓮縣秀林鄉)
491,小區域,2月25日10時03分,121.52,23.88,3.5,21.9,花蓮縣政府西南方  16.1  公里 (位於花蓮縣壽豐鄉)
492,小區域,2月25日10時18分,121.59,24.03,3.6,8.4,花蓮縣政府西北方  5.1  公里 (位於花蓮縣新城鄉)
493,小區域,2月25日18時46分,121.66,24.3,3.7,11.5,花蓮縣政府北方  34.6  公里 (位於花蓮縣秀林鄉)
494,小區域,2月26日01時27分,121.59,23.91,3.2,6.3,花蓮縣政府南偏西方  9.5  公里 (位於花蓮縣壽豐鄉)
495,第069號,2月26日02時28分,121.9,24.44,5.2,17.7,宜蘭縣政府南偏東方  34.7  公里 (位於臺灣東部海域)
496,小區域,2月26日05時16分,121.78,24.26,3.7,12.9,花蓮縣政府北偏東方  34.1  公里 (位於花蓮縣近海)
497,小區域,2月26日14時56分,121.71,23.39,4,20.5,花蓮縣政府南方  67.5  公里 (位於臺灣東部海域)
498,小區域,2月26日22時10分,121.59,23.98,3.7,8.7,花蓮縣政府西偏南方  3.7  公里 (位於花蓮縣花蓮市)
499,小區域,2月27日23時35分,121.48,23.38,4.1,31.8,臺東縣政府北偏東方  76.6  公里 (位於臺東縣近海)
500,小區域,2月28日12時09分,121.77,24.21,3.9,11.2,花蓮縣政府北偏東方  28.9  公里 (位於臺灣東部海域)
